LOCATION_ID,ZONEGEN_CL
2,SFR
3,MUR
4,SFR
6,SFR
7,SFR
8,MUR
9,SFR
10,SFR
11,SFR
12,SFR
13,SFR
14,SFR
16,COM
17,COM
20,SFR
21,SFR
26,SFR
28,MUR
30,MUR
31,MUR
32,MUR
33,MUR
34,MUR
35,COM
40,POS
41,SFR
42,SFR
43,SFR
44,POS
45,MFR
46,MUR
48,MUR
49,MUR
50,MUR
51,MUR
52,MUR
53,MUR
54,MUR
55,MUR
60,MUR
61,MUR
63,MUR
64,MUR
67,IND
68,SFR
69,MUR
70,MUR
71,POS
72,MFR
73,MUR
74,MUR
76,MUR
77,MUR
78,MFR
79,MFR
80,MFR
81,MFR
82,MFR
83,MFR
88,COM
89,MUR
90,MUR
91,MUR
92,MUR
93,MUR
99,MFR
100,MFR
101,MFR
102,MUR
103,COM
104,MFR
105,MFR
106,MUR
108,MFR
111,MFR
112,MFR
113,MFR
114,MFR
115,IND
118,IND
121,COM
122,SFR
123,SFR
124,SFR
125,SFR
126,COM
131,SFR
132,SFR
134,SFR
135,COM
136,COM
137,COM
140,COM
141,COM
143,MUR
146,MUR
147,MUR
152,MUR
153,MUR
154,MUR
155,POS
156,MFR
159,MUR
162,MUR
163,MUR
165,MUR
168,MUR
170,MUR
172,MUR
173,MUR
174,POS
175,MUR
176,MUR
177,MUR
178,MUR
179,MFR
180,MUR
181,SFR
182,SFR
183,MUR
184,MUR
187,MUR
191,MUR
193,MUR
195,MFR
196,MFR
199,MUR
200,MUR
201,MFR
202,MUR
203,SFR
207,SFR
208,MUR
209,MUR
210,MUR
211,MUR
212,MUR
227,MFR
228,MFR
230,SFR
231,PF
233,MUR
234,MFR
235,PF
236,SFR
237,SFR
238,SFR
239,MUR
240,PF
241,MUR
247,MUR
251,SFR
252,SFR
253,SFR
255,SFR
256,COM
257,COM
259,MUR
260,SFR
261,SFR
263,COM
264,COM
265,SFR
267,COM
268,COM
269,SFR
271,MUR
272,MUR
273,MUR
275,MUR
277,MUR
278,SFR
279,SFR
280,MUR
284,MUR
285,COM
286,COM
287,COM
288,SFR
290,RUR
291,RUR
292,RUR
293,FUD
296,RUR
297,COM
298,COM
300,COM
301,SFR
302,SFR
303,COM
305,SFR
306,SFR
307,MUR
308,MUR
310,MUR
313,IND
314,IND
315,IND
316,IND
317,IND
318,IND
319,IND
320,IND
321,IND
322,IND
324,IND
325,MFR
326,MFR
327,MFR
328,MFR
329,MFR
331,COM
332,COM
333,COM
335,MUR
336,MFR
340,SFR
341,MUR
342,MUR
343,MUR
344,MUR
345,MUR
346,SFR
347,MUR
348,COM
349,MUR
350,COM
351,MUR
352,MUR
354,MUR
355,MUR
356,COM
357,MUR
358,MUR
359,MUR
360,MUR
361,MUR
362,MUR
363,MUR
364,MFR
365,MFR
366,POS
367,MFR
368,MFR
369,MFR
370,MFR
371,SFR
372,MFR
373,MFR
374,MFR
375,MUR
376,MUR
377,MFR
378,MFR
379,MFR
380,MFR
381,MUR
382,MFR
383,COM
384,MUR
385,SFR
386,COM
387,COM
388,MUR
389,MUR
390,MUR
394,SFR
395,COM
396,SFR
397,SFR
398,SFR
400,MUR
402,MUR
404,SFR
406,POS
408,MUR
410,MUR
417,MUR
418,MUR
422,MUR
423,MUR
425,MUR
426,MUR
427,MUR
428,MUR
429,MFR
430,MFR
435,MUR
436,MUR
439,MUR
440,SFR
442,MFR
443,SFR
444,MFR
445,SFR
446,MFR
448,MFR
449,MFR
450,MFR
451,MUR
453,MFR
454,MFR
456,SFR
457,SFR
459,SFR
460,SFR
465,IND
467,MFR
469,SFR
470,SFR
471,SFR
492,SFR
495,IND
496,MFR
500,SFR
501,SFR
502,SFR
506,SFR
507,SFR
510,SFR
512,MUR
513,IND
514,IND
515,SFR
516,SFR
517,SFR
520,SFR
521,COM
522,IND
529,MUR
530,MFR
531,SFR
534,FUD
536,MUR
537,COM
538,MUR
539,SFR
542,SFR
543,PF
545,POS
553,SFR
554,SFR
558,COM
562,SFR
563,SFR
564,MUR
565,SFR
566,SFR
568,MFR
569,SFR
570,COM
576,MUR
577,SFR
580,RUR
581,SFR
583,SFR
584,MUR
593,SFR
595,SFR
596,POS
597,SFR
598,SFR
599,SFR
600,SFR
611,MUR
622,MUR
625,MUR
627,MUR
629,MUR
631,MUR
633,MUR
634,MUR
635,MUR
636,MUR
637,MUR
638,MUR
639,MUR
642,MUR
644,MUR
646,MUR
647,MUR
648,MUR
649,MUR
650,MUR
654,MUR
655,MUR
656,MUR
672,MFR
682,SFR
685,SFR
686,POS
687,SFR
689,MUR
690,POS
691,POS
696,SFR
697,MUR
701,SFR
702,SFR
704,MUR
706,POS
707,POS
710,SFR
711,SFR
712,SFR
713,SFR
718,MUR
723,MUR
725,MUR
726,MUR
730,MUR
735,MUR
740,MUR
742,MUR
747,MUR
749,MUR
755,MUR
759,MUR
760,MUR
763,MUR
764,MUR
768,MUR
769,MUR
770,SFR
771,SFR
774,SFR
775,SFR
776,SFR
777,SFR
778,MUR
779,MFR
780,SFR
781,SFR
782,MUR
785,MFR
786,MFR
787,MUR
788,MUR
791,MFR
792,MUR
793,MUR
794,MUR
796,MFR
799,MFR
800,MFR
801,SFR
806,SFR
807,MFR
808,SFR
809,SFR
811,SFR
812,SFR
813,MUR
814,MUR
817,SFR
818,SFR
820,MUR
822,SFR
823,SFR
830,SFR
831,MFR
832,MUR
833,SFR
836,SFR
837,SFR
838,MUR
845,MUR
852,POS
853,SFR
855,POS
858,SFR
859,POS
861,SFR
862,SFR
863,SFR
865,SFR
882,SFR
883,COM
885,SFR
890,SFR
892,SFR
893,SFR
894,SFR
895,MUR
898,COM
899,COM
904,COM
906,COM
907,COM
908,MUR
909,COM
910,MUR
912,SFR
913,COM
914,MUR
915,COM
917,COM
918,COM
919,COM
920,SFR
921,MFR
922,MFR
923,MUR
925,MUR
927,SFR
929,MUR
930,MUR
931,POS
932,MFR
933,MFR
934,SFR
935,MFR
936,MFR
937,MFR
939,MUR
942,MUR
943,MFR
948,SFR
949,MUR
951,MUR
952,MUR
955,MUR
956,SFR
957,SFR
959,SFR
963,MUR
964,MFR
965,MFR
966,MFR
970,MUR
971,MUR
972,MUR
984,MFR
987,MFR
989,MUR
993,MFR
995,MUR
996,SFR
1002,MUR
1003,MUR
1010,SFR
1011,SFR
1013,MUR
1014,MUR
1017,SFR
1018,SFR
1019,SFR
1020,SFR
1021,MUR
1022,MUR
1026,MUR
1034,MUR
1035,MUR
1041,IND
1042,IND
1043,IND
1044,IND
1045,SFR
1046,SFR
1047,SFR
1050,MUR
1051,SFR
1053,SFR
1056,SFR
1068,PF
1097,MUR
1099,IND
1100,IND
1101,IND
1102,IND
1108,POS
1111,MUR
1114,MFR
1115,IND
1116,IND
1117,IND
1118,IND
1122,MUR
1123,MUR
1158,IND
1159,COM
1160,PF
1162,MUR
1163,MUR
1165,MUR
1166,IND
1167,SFR
1171,MUR
1172,MUR
1174,MUR
1182,MUR
1183,MUR
1184,SFR
1186,IND
1187,MFR
1188,IND
1189,MFR
1190,SFR
1196,SFR
1199,MFR
1200,MUR
1201,MUR
1203,MUR
1204,IND
1205,COM
1207,SFR
1211,SFR
1212,SFR
1213,SFR
1214,SFR
1215,SFR
1217,SFR
1218,SFR
1219,SFR
1220,PF
1221,POS
1222,SFR
1223,SFR
1224,SFR
1225,PF
1226,PF
1227,SFR
1228,SFR
1229,PF
1230,SFR
1231,SFR
1232,POS
1233,SFR
1234,SFR
1239,MUR
1240,MUR
1241,MUR
1244,MUR
1245,MUR
1252,MUR
1255,SFR
1256,SFR
1257,SFR
1258,SFR
1264,SFR
1265,MUR
1267,POS
1271,SFR
1273,MUR
1275,POS
1277,SFR
1278,SFR
1280,MUR
1281,MUR
1282,SFR
1283,SFR
1284,SFR
1285,SFR
1286,SFR
1287,SFR
1288,SFR
1289,SFR
1290,SFR
1292,MUR
1293,MUR
1299,MFR
1303,MUR
1304,MFR
1316,MUR
1317,MUR
1320,SFR
1323,SFR
1324,MUR
1325,MUR
1327,MUR
1328,MUR
1331,MUR
1333,MUR
1334,MUR
1335,MFR
1336,SFR
1338,MUR
1339,MUR
1340,MUR
1342,MUR
1343,SFR
1348,MUR
1351,SFR
1354,MUR
1355,MFR
1356,MFR
1359,MUR
1360,MUR
1370,MFR
1375,MUR
1377,COM
1379,MUR
1381,MUR
1385,COM
1386,MFR
1387,MFR
1389,MUR
1390,MUR
1393,COM
1396,MUR
1400,MUR
1403,COM
1404,COM
1409,MFR
1415,MUR
1416,MUR
1418,MUR
1422,MUR
1423,MUR
1435,MUR
1441,MUR
1442,MUR
1447,MUR
1448,MUR
1451,MUR
1452,MUR
1458,MUR
1459,MUR
1477,MFR
1482,MUR
1489,MUR
1496,IND
1497,MUR
1499,MUR
1501,MUR
1504,SFR
1510,SFR
1513,SFR
1515,SFR
1516,SFR
1517,SFR
1518,SFR
1519,SFR
1520,SFR
1521,SFR
1522,SFR
1523,SFR
1524,SFR
1528,MFR
1529,SFR
1530,MFR
1531,SFR
1532,MFR
1534,SFR
1537,SFR
1538,SFR
1539,SFR
1540,MUR
1541,SFR
1544,MUR
1545,MFR
1546,SFR
1547,SFR
1548,SFR
1550,MUR
1551,MUR
1555,RUR
1556,RUR
1557,RUR
1558,RUR
1559,RUR
1560,RUR
1561,RUR
1562,RUR
1563,RUR
1564,RUR
1565,RUR
1566,RUR
1567,RUR
1568,RUR
1569,MFR
1570,SFR
1571,MUR
1572,MUR
1576,MFR
1577,MFR
1578,MFR
1579,MUR
1580,MUR
1581,SFR
1582,MUR
1583,MFR
1585,MUR
1586,MFR
1587,MFR
1588,SFR
1596,MUR
1597,MUR
1598,MFR
1600,MUR
1602,MFR
1604,MFR
1606,MUR
1607,MUR
1608,MUR
1611,MFR
1612,MUR
1615,MUR
1624,POS
1627,SFR
1629,SFR
1633,SFR
1636,SFR
1640,SFR
1641,MFR
1642,SFR
1646,SFR
1648,MUR
1649,COM
1650,MFR
1651,COM
1652,SFR
1657,COM
1658,SFR
1660,MFR
1661,COM
1665,MUR
1668,MFR
1669,MFR
1670,PF
1671,SFR
1672,SFR
1673,SFR
1674,SFR
1675,SFR
1678,SFR
1679,SFR
1682,COM
1683,SFR
1688,SFR
1689,MFR
1690,SFR
1691,SFR
1692,SFR
1693,MUR
1694,SFR
1698,MFR
1699,MFR
1700,MFR
1703,POS
1704,MUR
1707,MFR
1708,MUR
1709,POS
1712,MFR
1713,MUR
1714,MUR
1715,MUR
1718,SFR
1719,SFR
1720,SFR
1721,SFR
1722,SFR
1723,MFR
1728,MFR
1729,IND
1731,MUR
1732,MUR
1737,SFR
1738,SFR
1739,SFR
1740,SFR
1743,SFR
1745,SFR
1748,SFR
1749,SFR
1754,SFR
1755,MUR
1759,MUR
1760,MFR
1761,SFR
1762,SFR
1764,IND
1765,IND
1766,MFR
1769,SFR
1770,SFR
1772,IND
1773,IND
1774,IND
1775,MUR
1778,POS
1779,IND
1780,IND
1781,IND
1782,POS
1783,IND
1784,IND
1785,IND
1786,MUR
1787,MUR
1788,MUR
1789,MUR
1790,SFR
1791,POS
1792,MUR
1793,MUR
1794,MUR
1799,MUR
1804,MUR
1805,MUR
1810,MUR
1811,MUR
1815,MUR
1818,MUR
1819,MUR
1823,MUR
1824,MUR
1826,MUR
1827,MUR
1829,MUR
1831,MUR
1832,MUR
1834,SFR
1835,SFR
1838,MFR
1841,MFR
1842,SFR
1843,MUR
1844,MUR
1845,MFR
1846,MUR
1847,MUR
1851,SFR
1852,SFR
1853,SFR
1856,SFR
1857,SFR
1858,SFR
1859,SFR
1862,MUR
1863,MUR
1864,SFR
1865,SFR
1868,SFR
1869,SFR
1870,SFR
1871,SFR
1876,MUR
1877,SFR
1882,MUR
1883,MUR
1886,MFR
1887,IND
1890,MUR
1891,POS
1893,SFR
1894,MFR
1895,SFR
1896,SFR
1898,SFR
1899,SFR
1900,POS
1902,SFR
1903,MUR
1904,MUR
1905,SFR
1906,SFR
1907,SFR
1908,SFR
1909,SFR
1910,MUR
1911,MUR
1912,SFR
1913,MUR
1916,SFR
1917,SFR
1919,SFR
1921,IND
1922,IND
1924,IND
1925,IND
1926,MUR
1927,MUR
1930,COM
1931,IND
1934,SFR
1935,MFR
1936,SFR
1939,SFR
1940,MFR
1945,MFR
1947,MUR
1949,MUR
1951,MFR
1954,SFR
1955,SFR
1956,SFR
1957,MFR
1958,SFR
1959,SFR
1960,SFR
1961,SFR
1962,SFR
1963,SFR
1965,SFR
1966,SFR
1967,SFR
1968,SFR
1969,SFR
1970,SFR
1971,SFR
1972,SFR
1973,SFR
1974,SFR
1975,SFR
1976,SFR
1977,SFR
1978,SFR
1979,MFR
1980,MFR
1981,MFR
1982,MUR
1983,MFR
1990,SFR
1991,MUR
1993,COM
1994,COM
1997,MUR
2000,SFR
2001,SFR
2002,SFR
2003,SFR
2005,SFR
2009,COM
2011,MUR
2015,MUR
2016,MUR
2017,MUR
2018,MFR
2020,MFR
2021,SFR
2024,SFR
2025,MFR
2028,SFR
2029,MUR
2030,MUR
2032,MUR
2034,MUR
2036,MFR
2037,MFR
2042,SFR
2043,POS
2046,MUR
2047,POS
2048,SFR
2053,SFR
2054,POS
2058,SFR
2059,MFR
2062,MUR
2065,MUR
2066,SFR
2067,MFR
2068,MFR
2069,SFR
2070,SFR
2073,MUR
2074,MUR
2075,MFR
2076,MFR
2081,MUR
2086,MUR
2099,MFR
2105,MUR
2106,MUR
2107,MUR
2108,MUR
2109,SFR
2110,SFR
2111,SFR
2114,SFR
2115,SFR
2117,COM
2119,MFR
2121,COM
2122,COM
2123,MUR
2124,MUR
2126,MUR
2127,MUR
2128,MUR
2129,MFR
2130,MFR
2131,MFR
2132,MUR
2133,MUR
2134,MUR
2137,MUR
2138,MUR
2139,MUR
2143,MUR
2144,MUR
2145,MUR
2146,MUR
2147,MUR
2148,POS
2149,MUR
2151,MFR
2153,MFR
2155,MUR
2156,MUR
2158,SFR
2161,IND
2165,MUR
2167,MUR
2169,MUR
2170,MUR
2175,MUR
2182,MUR
2183,MUR
2185,SFR
2186,SFR
2195,POS
2196,POS
2208,MUR
2209,MUR
2221,MUR
2222,MUR
2226,IND
2227,IND
2230,MUR
2231,MUR
2232,MUR
2233,MUR
2234,SFR
2235,IND
2237,SFR
2238,SFR
2239,SFR
2240,SFR
2242,SFR
2243,SFR
2245,SFR
2246,SFR
2247,MFR
2248,MFR
2249,MFR
2250,MFR
2251,MFR
2252,POS
2253,MUR
2257,SFR
2260,MFR
2262,MFR
2263,MFR
2264,COM
2266,MUR
2267,COM
2268,MUR
2271,MUR
2272,COM
2273,MUR
2274,MUR
2275,COM
2276,IND
2277,SFR
2278,MFR
2279,SFR
2280,MFR
2282,MUR
2283,COM
2284,COM
2285,SFR
2286,MFR
2287,MFR
2290,COM
2291,MFR
2292,MFR
2295,MUR
2296,MUR
2297,MFR
2298,SFR
2299,MFR
2300,MFR
2301,MFR
2302,MUR
2303,SFR
2305,MUR
2307,SFR
2308,MFR
2311,SFR
2312,MUR
2315,SFR
2316,SFR
2317,SFR
2320,SFR
2322,MFR
2326,MUR
2327,MUR
2330,MUR
2331,MUR
2333,MUR
2339,COM
2340,COM
2341,MUR
2342,MUR
2343,SFR
2345,MFR
2346,MFR
2349,IND
2353,SFR
2354,MUR
2358,MUR
2360,MUR
2361,MFR
2366,MUR
2367,MUR
2370,MFR
2371,MUR
2374,MFR
2375,MFR
2379,SFR
2380,POS
2382,SFR
2383,POS
2386,POS
2389,SFR
2390,SFR
2393,MUR
2395,MUR
2396,MUR
2397,SFR
2398,MFR
2399,IND
2400,MUR
2401,MUR
2405,MFR
2406,IND
2407,IND
2408,SFR
2409,SFR
2410,POS
2411,MFR
2414,SFR
2415,MUR
2416,MUR
2418,MFR
2419,MUR
2420,MUR
2421,MUR
2422,MUR
2423,MUR
2425,SFR
2426,SFR
2428,SFR
2429,MUR
2430,MFR
2431,SFR
2432,SFR
2434,MFR
2436,MUR
2437,SFR
2438,MUR
2439,MUR
2440,MUR
2441,MFR
2442,IND
2443,MFR
2445,IND
2446,MFR
2448,SFR
2450,SFR
2451,MFR
2452,SFR
2453,MFR
2454,MFR
2455,IND
2456,SFR
2457,SFR
2458,SFR
2459,SFR
2460,IND
2461,SFR
2462,SFR
2463,SFR
2464,SFR
2465,SFR
2466,SFR
2468,SFR
2469,SFR
2470,SFR
2471,SFR
2472,SFR
2473,SFR
2474,SFR
2475,SFR
2476,SFR
2477,SFR
2478,SFR
2479,SFR
2480,SFR
2481,SFR
2482,SFR
2483,SFR
2484,SFR
2486,SFR
2487,SFR
2490,SFR
2492,SFR
2494,MUR
2496,MUR
2505,SFR
2506,SFR
2507,SFR
2510,SFR
2512,MUR
2517,SFR
2518,SFR
2520,SFR
2522,SFR
2523,SFR
2524,SFR
2525,SFR
2526,SFR
2527,SFR
2528,SFR
2529,SFR
2530,SFR
2531,MUR
2534,MUR
2535,MFR
2537,SFR
2538,SFR
2539,MFR
2540,SFR
2541,SFR
2542,SFR
2544,SFR
2545,SFR
2546,SFR
2547,SFR
2548,SFR
2549,SFR
2550,SFR
2551,SFR
2552,SFR
2553,SFR
2554,MUR
2555,POS
2557,SFR
2558,MFR
2561,MFR
2562,MFR
2563,MFR
2564,SFR
2565,SFR
2566,MUR
2567,MUR
2568,MFR
2569,MFR
2570,MFR
2571,MFR
2572,MFR
2573,MFR
2574,MUR
2575,MUR
2577,MFR
2578,SFR
2579,SFR
2580,MUR
2582,SFR
2583,SFR
2592,MUR
2594,MUR
2595,MUR
2596,MUR
2599,MUR
2602,MUR
2603,MFR
2604,MFR
2606,MFR
2608,MUR
2609,MUR
2613,MFR
2614,MUR
2615,MUR
2616,MUR
2620,MUR
2623,MUR
2624,MUR
2625,MUR
2626,MUR
2630,MUR
2632,MUR
2633,MUR
2635,MUR
2642,IND
2643,POS
2648,IND
2650,SFR
2662,SFR
2663,SFR
2664,SFR
2666,MUR
2667,SFR
2668,SFR
2669,MUR
2670,MUR
2671,SFR
2672,MUR
2674,SFR
2675,SFR
2679,SFR
2681,SFR
2682,SFR
2683,SFR
2684,SFR
2685,SFR
2686,SFR
2687,MUR
2690,MUR
2691,MUR
2692,MFR
2695,MFR
2696,MFR
2697,MUR
2699,SFR
2700,SFR
2701,SFR
2703,MUR
2705,MUR
2706,SFR
2707,SFR
2708,SFR
2712,IND
2713,MUR
2714,MUR
2715,MUR
2718,MFR
2719,POS
2720,SFR
2721,SFR
2722,SFR
2723,MFR
2726,MFR
2727,MUR
2728,MUR
2729,MUR
2732,SFR
2733,SFR
2734,SFR
2735,SFR
2736,SFR
2737,SFR
2738,MUR
2739,MUR
2740,SFR
2741,SFR
2742,SFR
2743,SFR
2746,MUR
2747,MUR
2748,MUR
2749,MUR
2750,SFR
2751,SFR
2752,SFR
2753,SFR
2754,SFR
2755,SFR
2756,SFR
2757,SFR
2758,SFR
2759,MFR
2760,SFR
2761,MFR
2762,MUR
2763,MUR
2767,POS
2768,SFR
2798,MUR
2804,MFR
2806,SFR
2809,MUR
2810,IND
2811,IND
2812,IND
2815,MUR
2816,MUR
2817,MUR
2818,MUR
2819,RUR
2824,RUR
2837,MUR
2838,MUR
2841,MUR
2842,MUR
2866,MUR
2868,IND
2870,MUR
2872,FUD
2873,SFR
2874,RUR
2875,MUR
2876,RUR
2877,RUR
2878,RUR
2879,RUR
2880,RUR
2881,RUR
2882,RUR
2883,RUR
2884,RUR
2885,MUR
2886,MUR
2888,IND
2889,MUR
2890,IND
2891,IND
2892,IND
2895,FUD
2896,FUD
2898,RUR
2899,MFR
2900,RUR
2904,IND
2905,IND
2906,IND
2907,IND
2908,IND
2909,FUD
2910,FUD
2911,IND
2912,RUR
2913,RUR
2914,MUR
2915,MUR
2945,IND
2962,IND
2964,IND
3007,MUR
3008,MUR
3009,MUR
3020,PF
3021,SFR
3024,SFR
3025,SFR
3039,MUR
3040,MUR
3041,MFR
3043,MFR
3045,MUR
3046,SFR
3048,MFR
3051,MUR
3052,MUR
3054,MUR
3056,IND
3062,MFR
3063,MUR
3064,IND
3067,IND
3069,IND
3070,SFR
3076,SFR
3077,IND
3078,SFR
3079,SFR
3080,POS
3081,SFR
3082,POS
3083,SFR
3086,SFR
3091,SFR
3092,MUR
3093,MUR
3094,SFR
3097,MFR
3099,MFR
3100,SFR
3101,SFR
3102,MFR
3104,MFR
3105,SFR
3106,MFR
3107,MFR
3125,MFR
3126,MUR
3127,POS
3129,MFR
3132,MUR
3133,SFR
3134,MFR
3135,SFR
3137,MFR
3138,SFR
3141,SFR
3144,SFR
3146,MUR
3147,SFR
3148,MFR
3153,MUR
3154,COM
3156,MUR
3157,COM
3158,MUR
3159,MUR
3160,MFR
3161,MFR
3162,MUR
3163,MUR
3165,POS
3167,SFR
3169,MUR
3170,MUR
3171,COM
3173,MUR
3174,COM
3179,MUR
3180,MUR
3183,MUR
3184,MUR
3185,IND
3186,IND
3189,SFR
3191,MUR
3192,MUR
3193,MFR
3194,MFR
3195,MFR
3196,MFR
3197,MFR
3198,MFR
3199,MUR
3200,MUR
3201,MUR
3204,SFR
3205,MFR
3209,MFR
3210,MFR
3211,MFR
3212,SFR
3215,IND
3216,IND
3218,MFR
3219,MFR
3221,MUR
3222,MUR
3224,MFR
3226,MFR
3228,MUR
3229,MFR
3230,SFR
3231,SFR
3232,SFR
3233,SFR
3234,MUR
3235,COM
3236,MFR
3237,SFR
3238,SFR
3242,MFR
3243,SFR
3245,SFR
3246,SFR
3249,MFR
3250,SFR
3251,SFR
3254,MFR
3279,SFR
3291,POS
3293,SFR
3294,MUR
3295,SFR
3296,MUR
3297,MUR
3298,SFR
3299,MUR
3300,SFR
3301,MUR
3302,MUR
3303,MUR
3304,SFR
3305,MUR
3307,SFR
3308,SFR
3309,SFR
3310,SFR
3315,IND
3316,IND
3317,IND
3318,IND
3319,IND
3321,SFR
3322,MFR
3323,IND
3324,MUR
3325,SFR
3326,SFR
3328,IND
3329,IND
3330,SFR
3332,SFR
3334,SFR
3335,SFR
3336,SFR
3337,IND
3338,MUR
3339,IND
3340,IND
3343,SFR
3344,MFR
3345,MFR
3347,MFR
3348,SFR
3349,MFR
3350,SFR
3352,SFR
3353,SFR
3354,SFR
3356,SFR
3363,MUR
3365,POS
3367,SFR
3387,SFR
3388,SFR
3389,SFR
3392,SFR
3393,SFR
3397,MUR
3398,MUR
3403,SFR
3404,SFR
3407,SFR
3408,SFR
3409,PF
3410,MUR
3411,SFR
3412,SFR
3413,SFR
3414,SFR
3415,SFR
3416,SFR
3418,MFR
3422,SFR
3423,SFR
3424,SFR
3430,SFR
3431,SFR
3434,SFR
3435,SFR
3438,MUR
3439,MUR
3440,SFR
3441,SFR
3442,SFR
3451,MUR
3452,MUR
3453,MUR
3454,COM
3455,MFR
3462,MUR
3464,MUR
3465,MUR
3474,MUR
3478,SFR
3479,SFR
3480,MFR
3483,MUR
3484,MUR
3485,MUR
3486,MUR
3489,MUR
3491,MUR
3494,MUR
3496,MUR
3498,MUR
3500,MUR
3503,MUR
3504,MUR
3506,MUR
3507,MFR
3509,MUR
3511,MUR
3518,MFR
3521,MFR
3532,MUR
3534,MUR
3535,MUR
3537,MUR
3538,MUR
3540,IND
3541,IND
3546,MFR
3547,MFR
3554,MUR
3555,MUR
3557,MUR
3558,MUR
3559,MUR
3561,MUR
3562,MUR
3564,MUR
3566,MUR
3569,MUR
3570,MUR
3575,MFR
3576,MUR
3578,POS
3580,SFR
3581,SFR
3582,MUR
3583,MFR
3584,MUR
3585,MFR
3586,MFR
3588,SFR
3603,MUR
3604,MUR
3611,MUR
3612,MUR
3613,MUR
3614,MUR
3615,MUR
3616,MUR
3619,MUR
3620,MUR
3622,MUR
3623,MFR
3624,MUR
3633,MUR
3635,MUR
3637,MUR
3639,MUR
3652,MUR
3653,MUR
3654,MUR
3657,IND
3658,IND
3661,IND
3668,MUR
3672,MUR
3683,MUR
3687,MFR
3688,MFR
3690,MUR
3693,MUR
3711,SFR
3712,SFR
3715,MUR
3716,SFR
3717,SFR
3718,COM
3719,COM
3720,MUR
3724,MUR
3725,MUR
3727,MUR
3778,COM
3779,COM
3780,MUR
3781,MUR
3782,MUR
3783,MUR
3784,MUR
3789,MUR
3790,MUR
3791,MUR
3792,MUR
3794,MUR
3795,MUR
3797,MUR
3798,MUR
3799,MUR
3800,MUR
3801,MUR
3802,MUR
3807,MUR
3810,MFR
3825,SFR
3827,MUR
3829,MUR
3830,MUR
3831,MUR
3832,MUR
3833,MUR
3834,MUR
3838,MUR
3839,MUR
3840,MUR
3841,MUR
3842,MUR
3843,MUR
3846,IND
3848,MUR
3849,MUR
3850,MFR
3851,MUR
3852,MUR
3853,MUR
3854,MUR
3857,MUR
3860,SFR
3862,SFR
3863,MFR
3864,SFR
3867,COM
3868,COM
3892,MUR
3908,MUR
3909,MUR
3911,MUR
3912,MUR
3916,POS
3917,MUR
3921,MFR
3922,MFR
3928,MUR
3929,MUR
3931,MUR
3932,MUR
3933,MUR
3935,POS
3938,MUR
3940,MFR
3946,MUR
3947,MUR
3955,MUR
3957,MUR
3958,MUR
3966,MUR
3967,MUR
3976,MUR
3977,MUR
3981,MUR
3983,MUR
3984,MUR
3985,MUR
3989,MUR
3990,MUR
3992,MUR
3993,MUR
3994,MUR
3995,MUR
3996,MUR
3997,MFR
4011,SFR
4012,SFR
4013,MUR
4014,MUR
4016,MUR
4019,SFR
4022,MFR
4023,POS
4026,MUR
4028,IND
4029,IND
4032,SFR
4033,SFR
4035,SFR
4036,SFR
4037,SFR
4039,MUR
4040,SFR
4042,MUR
4043,MUR
4044,MUR
4045,MUR
4047,MUR
4048,MUR
4049,MFR
4050,MUR
4052,SFR
4055,MUR
4057,IND
4060,MUR
4062,MFR
4064,SFR
4065,MFR
4066,SFR
4067,SFR
4068,COM
4069,MFR
4077,SFR
4078,SFR
4080,SFR
4085,MUR
4086,MUR
4087,COM
4088,MFR
4090,MFR
4091,MUR
4095,MFR
4104,SFR
4116,COM
4119,COM
4123,MFR
4125,MUR
4136,MFR
4137,SFR
4138,SFR
4139,SFR
4140,SFR
4141,SFR
4142,SFR
4143,SFR
4144,SFR
4145,SFR
4146,SFR
4147,SFR
4148,SFR
4149,SFR
4150,SFR
4151,MFR
4154,SFR
4159,SFR
4160,SFR
4161,SFR
4164,SFR
4165,MFR
4166,SFR
4169,SFR
4170,SFR
4171,SFR
4172,MFR
4173,SFR
4174,SFR
4175,SFR
4176,SFR
4177,SFR
4178,MUR
4179,SFR
4180,SFR
4181,SFR
4182,SFR
4183,SFR
4184,SFR
4185,MFR
4186,SFR
4187,SFR
4188,SFR
4189,SFR
4190,SFR
4191,SFR
4192,SFR
4193,SFR
4194,SFR
4195,SFR
4198,MFR
4199,SFR
4200,SFR
4201,SFR
4204,POS
4205,SFR
4206,MUR
4207,COM
4208,COM
4209,COM
4210,SFR
4214,SFR
4215,SFR
4216,SFR
4217,SFR
4218,SFR
4219,MFR
4220,SFR
4230,SFR
4231,MUR
4243,SFR
4249,COM
4254,COM
4255,COM
4257,COM
4258,MFR
4259,MFR
4260,MFR
4264,MUR
4266,SFR
4267,MFR
4270,SFR
4271,COM
4272,MUR
4273,COM
4274,COM
4275,MUR
4276,FUD
4277,COM
4278,MFR
4279,MUR
4280,MUR
4284,COM
4286,COM
4287,MUR
4288,MUR
4289,MUR
4290,MUR
4291,MUR
4293,MFR
4294,MUR
4295,MUR
4298,MUR
4299,MUR
4300,COM
4301,IND
4304,COM
4305,COM
4306,MUR
4307,MUR
4308,SFR
4309,MUR
4310,COM
4311,MUR
4316,COM
4317,COM
4318,MUR
4320,COM
4321,COM
4322,MUR
4323,MUR
4326,COM
4327,COM
4328,COM
4340,MFR
4345,MFR
4350,MFR
4351,POS
4366,MUR
4369,PF
4370,SFR
4376,SFR
4377,SFR
4378,SFR
4379,SFR
4380,SFR
4381,SFR
4383,SFR
4384,SFR
4385,SFR
4386,SFR
4387,SFR
4410,SFR
4413,SFR
4415,POS
4416,SFR
4417,SFR
4419,MUR
4420,SFR
4422,SFR
4423,SFR
4424,SFR
4427,COM
4429,PF
4431,COM
4432,MUR
4433,SFR
4434,SFR
4435,SFR
4437,MFR
4438,SFR
4439,SFR
4440,MUR
4441,MUR
4451,COM
4451,COM
4455,MUR
4456,COM
4457,MFR
4458,MFR
4459,SFR
4461,SFR
4462,COM
4463,COM
4464,MFR
4465,MUR
4466,MUR
4467,COM
4468,COM
4470,MUR
4471,MUR
4472,COM
4473,MUR
4474,MUR
4475,COM
4485,MFR
4486,SFR
4491,SFR
4492,SFR
4494,MUR
4495,MUR
4496,SFR
4497,SFR
4498,SFR
4501,SFR
4502,SFR
4503,SFR
4504,MFR
4506,MFR
4507,MFR
4508,MFR
4513,SFR
4515,SFR
4516,SFR
4518,MUR
4520,MUR
4521,MUR
4522,MUR
4523,SFR
4528,MUR
4529,MUR
4531,MUR
4534,MUR
4538,MUR
4543,MFR
4545,MUR
4546,MUR
4552,MFR
4553,SFR
4554,MFR
4555,SFR
4556,SFR
4557,MUR
4558,MUR
4561,IND
4562,POS
4563,IND
4564,POS
4565,IND
4566,MFR
4567,MUR
4568,SFR
4569,MUR
4570,SFR
4571,MFR
4572,MUR
4573,MUR
4579,MFR
4580,MFR
4585,MUR
4586,MUR
4587,MFR
4588,MFR
4591,SFR
4592,SFR
4595,MFR
4596,SFR
4597,MFR
4598,MUR
4599,SFR
4600,MUR
4602,SFR
4603,MFR
4606,SFR
4607,MFR
4609,MUR
4610,MFR
4611,MFR
4612,MFR
4613,MFR
4614,MFR
4615,MFR
4616,MUR
4617,MUR
4618,MUR
4620,IND
4621,SFR
4622,MUR
4623,MUR
4625,POS
4626,MUR
4627,POS
4631,MUR
4633,COM
4638,MUR
4639,MUR
4643,SFR
4644,MUR
4646,MFR
4647,MUR
4648,MUR
4649,MFR
4651,MUR
4653,MUR
4654,MUR
4656,MUR
4657,MUR
4662,MUR
4663,MUR
4664,MUR
4666,MUR
4667,MUR
4668,MUR
4674,MUR
4675,SFR
4676,MUR
4679,MFR
4680,MFR
4681,MUR
4682,MFR
4683,MFR
4684,MUR
4686,MFR
4691,MFR
4692,MUR
4693,MUR
4695,MUR
4698,MUR
4699,MUR
4700,MUR
4707,MUR
4709,MUR
4713,MUR
4714,MFR
4715,SFR
4718,SFR
4719,SFR
4720,MFR
4724,SFR
4725,SFR
4726,MFR
4730,MUR
4731,SFR
4732,MFR
4733,SFR
4734,SFR
4735,SFR
4736,SFR
4737,SFR
4738,SFR
4739,SFR
4740,SFR
4741,SFR
4744,SFR
4745,SFR
4748,SFR
4749,SFR
4752,SFR
4753,MUR
4756,SFR
4757,SFR
4760,MUR
4761,SFR
4762,MFR
4763,SFR
4764,MUR
4766,SFR
4767,SFR
4769,SFR
4770,SFR
4772,MFR
4773,MFR
4774,MFR
4775,MFR
4776,SFR
4777,MUR
4778,MFR
4787,MUR
4799,SFR
4811,SFR
4812,SFR
4817,MFR
4818,MUR
4819,MFR
4820,MFR
4821,MFR
4822,SFR
4823,SFR
4824,SFR
4831,SFR
4832,SFR
4833,SFR
4834,SFR
4835,MUR
4836,SFR
4837,SFR
4838,SFR
4839,SFR
4840,SFR
4841,SFR
4844,SFR
4846,SFR
4847,MFR
4849,SFR
4850,SFR
4851,SFR
4852,SFR
4853,SFR
4854,POS
4857,COM
4858,SFR
4860,MFR
4861,SFR
4862,SFR
4863,SFR
4864,SFR
4865,COM
4866,MUR
4867,SFR
4870,MFR
4871,SFR
4874,SFR
4875,SFR
4876,SFR
4878,SFR
4879,SFR
4880,SFR
4881,SFR
4883,SFR
4884,SFR
4888,SFR
4889,SFR
4891,SFR
4892,SFR
4894,SFR
4895,SFR
4896,SFR
4897,POS
4898,SFR
4899,SFR
4900,SFR
4901,SFR
4902,SFR
4904,SFR
4905,SFR
4906,SFR
4908,SFR
4909,SFR
4910,SFR
4912,IND
4934,SFR
4935,SFR
4937,SFR
4938,SFR
4939,SFR
4941,SFR
4943,SFR
4945,SFR
4946,SFR
4955,SFR
4958,SFR
4960,SFR
4979,POS
4980,SFR
4982,SFR
4984,SFR
4987,SFR
4988,SFR
4990,SFR
4991,SFR
4993,SFR
4994,SFR
4999,MFR
5001,SFR
5002,SFR
5003,SFR
5004,SFR
5006,MUR
5009,MUR
5016,MUR
5018,MUR
5019,MFR
5025,MUR
5027,MUR
5028,MUR
5032,MUR
5033,SFR
5034,SFR
5035,MUR
5036,MUR
5037,SFR
5039,SFR
5044,MUR
5045,MUR
5046,MFR
5048,MUR
5049,MUR
5051,MUR
5052,MUR
5054,MUR
5058,MUR
5060,MUR
5061,MUR
5062,MUR
5063,MUR
5066,MUR
5067,MUR
5068,MUR
5069,MUR
5070,MUR
5076,MUR
5077,MUR
5079,MUR
5080,MUR
5081,MUR
5087,MUR
5091,MUR
5093,MUR
5094,MUR
5097,MUR
5098,MUR
5100,MUR
5102,MFR
5103,MFR
5104,MUR
5105,MFR
5107,MUR
5110,MUR
5112,MUR
5113,MUR
5114,MUR
5115,MUR
5118,MUR
5119,MUR
5122,MUR
5123,MUR
5125,MUR
5127,MUR
5132,MUR
5133,MUR
5135,MUR
5136,MFR
5138,MFR
5139,MUR
5140,MFR
5144,MUR
5148,MFR
5150,SFR
5152,MFR
5153,PF
5155,PF
5156,MFR
5157,MFR
5158,SFR
5159,SFR
5160,MFR
5161,MUR
5162,COM
5164,COM
5165,POS
5166,MFR
5167,SFR
5168,SFR
5169,SFR
5170,SFR
5171,SFR
5172,COM
5173,SFR
5175,SFR
5176,SFR
5180,SFR
5181,SFR
5182,COM
5184,SFR
5185,COM
5186,SFR
5187,SFR
5188,COM
5189,COM
5190,MUR
5192,SFR
5193,COM
5194,SFR
5195,SFR
5196,SFR
5197,SFR
5198,COM
5199,SFR
5200,SFR
5201,SFR
5202,SFR
5203,SFR
5204,SFR
5205,COM
5206,COM
5207,COM
5221,SFR
5222,SFR
5223,SFR
5225,SFR
5226,SFR
5227,SFR
5228,SFR
5229,SFR
5230,SFR
5231,SFR
5232,SFR
5234,MUR
5235,IND
5236,SFR
5237,SFR
5238,SFR
5244,MFR
5245,MFR
5246,MFR
5247,COM
5248,MFR
5249,MUR
5250,MUR
5253,SFR
5313,MUR
5314,SFR
5315,SFR
5316,SFR
5317,SFR
5318,SFR
5319,SFR
5328,POS
5329,IND
5330,IND
5332,IND
5333,SFR
5336,MFR
5338,IND
5339,IND
5341,IND
5342,SFR
5344,SFR
5345,IND
5346,SFR
5350,IND
5352,IND
5353,IND
5354,IND
5355,POS
5356,IND
5357,MUR
5358,MUR
5359,MUR
5361,IND
5362,IND
5373,SFR
5374,SFR
5375,SFR
5376,MFR
5377,PF
5378,PF
5379,PF
5384,SFR
5385,SFR
5390,MUR
5391,IND
5392,SFR
5393,MUR
5394,MUR
5395,MFR
5397,SFR
5398,COM
5404,SFR
5407,SFR
5408,MFR
5409,MFR
5410,MFR
5411,MUR
5414,MUR
5415,MUR
5416,MFR
5417,MFR
5418,MFR
5419,POS
5421,MUR
5422,POS
5423,MUR
5424,MUR
5425,MUR
5426,MUR
5428,MFR
5431,MUR
5432,MFR
5433,MUR
5436,MUR
5439,MUR
5442,MUR
5443,MUR
5444,MUR
5445,MFR
5446,MFR
5448,MFR
5452,MUR
5453,MUR
5454,MUR
5455,MUR
5457,MUR
5458,MUR
5459,MUR
5461,MUR
5462,MUR
5463,MFR
5464,MFR
5465,MFR
5466,MFR
5467,MUR
5468,MUR
5469,MUR
5471,MUR
5472,MUR
5475,MUR
5476,MFR
5477,MUR
5478,IND
5479,MFR
5480,SFR
5481,MUR
5487,IND
5488,MUR
5489,MUR
5491,MUR
5492,MUR
5493,MUR
5494,MUR
5495,MUR
5498,MUR
5499,MUR
5502,MUR
5503,MUR
5505,MUR
5506,MUR
5507,MUR
5509,MUR
5510,POS
5511,MFR
5512,MUR
5513,MUR
5514,MUR
5515,MUR
5516,MFR
5517,MUR
5518,SFR
5519,MUR
5520,SFR
5521,SFR
5522,SFR
5523,SFR
5524,SFR
5525,MFR
5526,SFR
5527,SFR
5529,SFR
5530,SFR
5531,POS
5532,POS
5533,SFR
5535,MUR
5552,MUR
5553,SFR
5554,SFR
5556,SFR
5557,SFR
5558,SFR
5562,SFR
5563,SFR
5564,SFR
5565,SFR
5566,SFR
5567,SFR
5568,SFR
5569,SFR
5570,SFR
5571,SFR
5572,SFR
5573,SFR
5574,SFR
5575,SFR
5576,SFR
5586,COM
5588,COM
5590,MUR
5592,MUR
5593,MUR
5594,MUR
5595,COM
5597,COM
5598,SFR
5599,COM
5600,MFR
5601,IND
5602,IND
5606,IND
5611,IND
5612,COM
5614,IND
5615,COM
5616,COM
5617,COM
5618,IND
5619,IND
5620,COM
5621,COM
5622,COM
5623,MUR
5624,MUR
5625,MUR
5628,MUR
5629,COM
5633,MUR
5634,COM
5635,COM
5639,COM
5642,MUR
5643,MUR
5644,COM
5650,COM
5651,IND
5652,IND
5653,COM
5654,COM
5655,IND
5664,MUR
5665,MUR
5668,MUR
5669,MUR
5675,MFR
5676,MFR
5679,SFR
5680,SFR
5681,POS
5682,SFR
5693,SFR
5694,SFR
5695,SFR
5696,MUR
5697,MUR
5703,POS
5704,POS
5705,POS
5706,MUR
5707,SFR
5708,SFR
5709,SFR
5717,POS
5718,SFR
5726,MFR
5727,SFR
5728,MFR
5729,MFR
5730,SFR
5732,SFR
5733,MFR
5734,SFR
5735,SFR
5736,MUR
5737,SFR
5738,SFR
5739,SFR
5740,SFR
5741,SFR
5742,SFR
5743,SFR
5745,SFR
5746,SFR
5747,SFR
5748,MUR
5749,MUR
5752,SFR
5754,SFR
5779,SFR
5780,SFR
5781,SFR
5782,POS
5783,POS
5785,SFR
5786,MFR
5787,MUR
5788,POS
5789,SFR
5790,MUR
5791,SFR
5792,SFR
5794,POS
5795,POS
5796,POS
5797,SFR
5798,SFR
5799,MFR
5800,SFR
5801,SFR
5802,SFR
5803,POS
5804,POS
5806,MUR
5807,MUR
5808,SFR
5809,SFR
5811,POS
5812,POS
5813,SFR
5814,SFR
5816,MUR
5824,SFR
5831,MUR
5832,MUR
5835,MUR
5836,MUR
5839,SFR
5840,SFR
5841,SFR
5842,SFR
5843,SFR
5844,SFR
5846,MUR
5851,SFR
5852,SFR
5853,SFR
5854,SFR
5855,SFR
5862,SFR
5864,SFR
5865,SFR
5867,SFR
5868,SFR
5869,SFR
5870,SFR
5871,COM
5872,SFR
5874,SFR
5875,SFR
5876,SFR
5877,MUR
5878,MUR
5886,MUR
5887,MUR
5889,MUR
5890,MUR
5893,MUR
5894,MUR
5896,MUR
5899,MUR
5900,MFR
5901,MUR
5903,MUR
5904,MUR
5906,MUR
5907,MUR
5908,MUR
5909,MUR
5910,MUR
5911,MUR
5912,MUR
5914,MUR
5917,MUR
5918,MUR
5919,MUR
5920,MUR
5923,MUR
5924,MUR
5927,MUR
5929,MUR
5930,MUR
5931,MUR
5932,MUR
5934,MUR
5935,MFR
5937,MUR
5938,MUR
5939,MUR
5943,MUR
5944,MUR
5946,MUR
5947,MUR
5950,MUR
5951,MUR
5955,MUR
5956,MUR
5958,MUR
5960,MUR
5961,MUR
5962,MFR
5973,MUR
5975,MUR
5976,SFR
5977,SFR
5978,MUR
5979,SFR
5984,MUR
5991,SFR
5992,SFR
5995,SFR
5996,MUR
5997,COM
6000,MFR
6001,MUR
6003,MUR
6004,SFR
6005,MFR
6006,COM
6008,MUR
6009,MUR
6010,MFR
6013,MUR
6014,IND
6017,MFR
6018,MFR
6019,SFR
6022,MUR
6023,MUR
6024,MFR
6025,SFR
6026,MUR
6028,SFR
6029,MUR
6030,POS
6031,MUR
6032,SFR
6033,SFR
6034,MUR
6035,MFR
6036,MFR
6037,SFR
6041,SFR
6042,POS
6043,SFR
6045,POS
6047,SFR
6049,SFR
6050,SFR
6051,SFR
6052,POS
6068,SFR
6074,SFR
6075,MUR
6077,SFR
6078,SFR
6079,SFR
6082,SFR
6083,MFR
6084,SFR
6085,SFR
6086,SFR
6087,SFR
6088,SFR
6089,SFR
6090,SFR
6103,SFR
6104,SFR
6105,SFR
6107,SFR
6108,SFR
6109,SFR
6111,SFR
6112,SFR
6113,COM
6114,MFR
6115,COM
6117,COM
6118,COM
6120,MUR
6121,MFR
6122,COM
6125,MUR
6126,MUR
6133,MUR
6140,SFR
6141,MFR
6143,MUR
6144,MUR
6151,MFR
6152,MFR
6153,MFR
6156,SFR
6157,MFR
6158,MUR
6159,SFR
6160,MUR
6165,MUR
6166,MUR
6167,MFR
6168,MFR
6169,MUR
6170,MFR
6171,MFR
6173,MFR
6175,MUR
6178,MUR
6179,MFR
6182,MFR
6187,SFR
6189,SFR
6190,SFR
6191,SFR
6192,SFR
6193,SFR
6194,SFR
6195,SFR
6196,SFR
6197,SFR
6198,SFR
6199,MUR
6201,SFR
6203,SFR
6205,SFR
6206,COM
6207,SFR
6208,SFR
6209,SFR
6210,SFR
6211,COM
6212,SFR
6213,SFR
6215,SFR
6216,MUR
6218,MUR
6220,MUR
6223,MFR
6225,MFR
6227,MUR
6232,MUR
6235,MFR
6237,SFR
6239,SFR
6240,MUR
6242,MUR
6256,IND
6258,MUR
6259,POS
6260,SFR
6262,MUR
6263,SFR
6264,MUR
6265,SFR
6266,POS
6269,SFR
6270,POS
6271,SFR
6273,SFR
6274,SFR
6275,SFR
6277,SFR
6278,POS
6279,MFR
6280,SFR
6282,MFR
6283,SFR
6284,SFR
6285,MUR
6286,POS
6288,SFR
6289,SFR
6290,MUR
6291,MUR
6292,SFR
6293,SFR
6294,SFR
6295,POS
6298,POS
6299,POS
6300,MUR
6301,SFR
6302,SFR
6303,SFR
6304,MFR
6306,MUR
6309,MUR
6310,SFR
6311,SFR
6312,SFR
6314,SFR
6317,SFR
6318,SFR
6319,MUR
6320,MUR
6321,SFR
6322,SFR
6323,SFR
6324,SFR
6325,SFR
6326,SFR
6327,MFR
6328,SFR
6331,SFR
6332,SFR
6333,MFR
6334,MUR
6335,MUR
6336,SFR
6337,MUR
6338,SFR
6339,SFR
6344,SFR
6345,MFR
6346,MUR
6347,SFR
6348,MUR
6349,MUR
6350,MUR
6352,SFR
6354,MUR
6355,MUR
6357,MUR
6359,MUR
6360,MUR
6362,MFR
6364,MFR
6366,MUR
6367,MUR
6370,MUR
6371,MFR
6373,SFR
6374,SFR
6375,SFR
6376,SFR
6377,SFR
6378,SFR
6379,SFR
6380,SFR
6381,SFR
6382,SFR
6383,SFR
6384,SFR
6385,SFR
6386,SFR
6387,SFR
6388,SFR
6389,SFR
6390,SFR
6391,SFR
6392,SFR
6398,POS
6399,SFR
6400,MUR
6402,SFR
6403,MUR
6405,SFR
6406,MUR
6407,SFR
6408,MUR
6409,MFR
6411,MUR
6412,MUR
6413,MUR
6414,MUR
6415,MUR
6416,MUR
6419,MUR
6420,MUR
6421,MUR
6427,MUR
6442,SFR
6443,SFR
6444,SFR
6445,SFR
6446,SFR
6447,SFR
6458,IND
6460,IND
6463,IND
6467,IND
6470,IND
6472,MUR
6477,MUR
6495,COM
6496,SFR
6498,MFR
6499,MUR
6500,MUR
6502,MUR
6503,MUR
6504,MUR
6505,SFR
6506,SFR
6507,SFR
6508,SFR
6509,MFR
6510,MUR
6511,MUR
6513,MUR
6514,MFR
6515,SFR
6516,MUR
6517,MUR
6520,SFR
6522,MUR
6523,MUR
6525,MUR
6526,MUR
6528,SFR
6529,MUR
6530,MFR
6531,MUR
6542,MUR
6548,MFR
6551,IND
6554,IND
6557,SFR
6558,SFR
6559,SFR
6561,SFR
6562,SFR
6563,SFR
6564,SFR
6565,MUR
6567,POS
6577,MUR
6580,IND
6582,MUR
6585,MUR
6588,MUR
6589,MUR
6592,MUR
6594,MFR
6597,SFR
6598,SFR
6599,SFR
6601,POS
6602,SFR
6603,SFR
6604,MUR
6606,COM
6607,SFR
6608,SFR
6610,MUR
6611,MUR
6613,MFR
6617,SFR
6618,SFR
6619,MFR
6620,SFR
6621,MUR
6623,MUR
6624,MUR
6625,MFR
6626,MUR
6628,MUR
6630,MUR
6631,MUR
6633,MUR
6634,MFR
6635,MUR
6636,MUR
6640,MFR
6641,MUR
6642,MFR
6643,MUR
6645,MUR
6646,MUR
6648,MUR
6649,MFR
6650,MUR
6651,MUR
6652,MUR
6653,MUR
6654,MUR
6655,MUR
6657,MFR
6658,IND
6660,MUR
6662,MUR
6667,SFR
6668,MUR
6669,MUR
6670,MUR
6671,MUR
6672,MUR
6673,SFR
6674,SFR
6675,MUR
6676,MUR
6682,MFR
6683,MFR
6689,MUR
6713,SFR
6714,SFR
6715,SFR
6716,SFR
6718,SFR
6719,SFR
6720,SFR
6722,SFR
6723,SFR
6729,SFR
6730,SFR
6735,SFR
6736,SFR
6737,SFR
6738,SFR
6739,SFR
6740,SFR
6742,SFR
6743,SFR
6744,SFR
6745,MFR
6746,POS
6747,SFR
6748,SFR
6749,SFR
6750,SFR
6755,SFR
6765,SFR
6771,SFR
6772,SFR
6773,MUR
6774,MUR
6777,SFR
6778,SFR
6779,MUR
6780,SFR
6783,SFR
6784,SFR
6785,SFR
6786,MUR
6787,SFR
6788,SFR
6789,MUR
6790,SFR
6792,SFR
6793,SFR
6794,SFR
6795,MUR
6796,MUR
6797,SFR
6799,SFR
6800,SFR
6801,SFR
6802,SFR
6803,SFR
6804,SFR
6805,MUR
6808,SFR
6809,SFR
6810,MUR
6813,SFR
6814,SFR
6815,SFR
6816,SFR
6817,MFR
6818,MUR
6828,IND
6829,MFR
6830,SFR
6832,SFR
6833,MUR
6834,MFR
6835,SFR
6836,SFR
6837,SFR
6839,MUR
6840,SFR
6841,SFR
6842,MFR
6843,MUR
6849,IND
6850,IND
6852,MUR
6853,MUR
6860,MUR
6871,IND
6872,MUR
6876,IND
6877,IND
6885,IND
6886,MFR
6896,MUR
6897,MFR
6900,MUR
6901,IND
6902,POS
6904,SFR
6905,SFR
6908,SFR
6911,POS
6912,MUR
6913,MUR
6914,MUR
6916,MUR
6918,MUR
6919,MUR
6920,MUR
6921,MUR
6922,MFR
6923,MFR
6924,MUR
6926,SFR
6928,MFR
6929,SFR
6930,SFR
6931,SFR
6934,SFR
6935,MUR
6936,MUR
6937,SFR
6938,MFR
6939,SFR
6940,SFR
6942,MUR
6943,SFR
6944,SFR
6945,MFR
6946,PF
6952,SFR
6953,SFR
6954,MUR
6955,MUR
6956,MFR
6957,MUR
6959,PF
6960,COM
6961,COM
6964,COM
6968,SFR
6969,MUR
6970,MUR
6972,MUR
6975,MUR
6976,SFR
6977,SFR
6978,MFR
6979,MUR
6980,PF
6981,SFR
6982,SFR
6983,SFR
6984,COM
6986,COM
6987,COM
6990,MUR
6991,MUR
6992,SFR
6993,SFR
6994,COM
6995,COM
6996,COM
6999,SFR
7000,PF
7001,PF
7002,SFR
7003,MUR
7006,MUR
7007,MUR
7009,SFR
7010,MFR
7011,MUR
7012,MUR
7013,SFR
7014,SFR
7015,MUR
7020,MUR
7021,MUR
7023,MUR
7024,COM
7025,MUR
7026,RUR
7027,MUR
7036,MUR
7041,MUR
7043,MUR
7044,MUR
7046,MUR
7047,MUR
7048,MFR
7049,MFR
7052,SFR
7053,SFR
7054,SFR
7060,IND
7061,SFR
7064,SFR
7071,SFR
7072,SFR
7073,SFR
7074,SFR
7075,SFR
7076,SFR
7077,SFR
7078,SFR
7079,SFR
7082,SFR
7083,SFR
7084,SFR
7086,SFR
7087,SFR
7089,SFR
7090,SFR
7093,SFR
7094,MUR
7101,MUR
7105,IND
7106,MFR
7107,SFR
7112,MUR
7113,MUR
7114,MUR
7121,COM
7122,MUR
7127,MUR
7128,MUR
7130,MUR
7136,MUR
7138,SFR
7139,MUR
7141,MUR
7144,SFR
7145,IND
7146,MUR
7150,SFR
7151,MUR
7152,MUR
7153,SFR
7154,SFR
7155,POS
7156,SFR
7157,MUR
7161,MUR
7162,MUR
7163,MUR
7169,MUR
7172,SFR
7174,MUR
7188,MFR
7190,MUR
7191,MUR
7193,MFR
7194,SFR
7196,SFR
7197,SFR
7198,SFR
7201,SFR
7202,SFR
7205,SFR
7206,SFR
7208,SFR
7216,MFR
7224,IND
7226,SFR
7227,SFR
7228,MUR
7230,IND
7231,SFR
7232,SFR
7233,SFR
7234,SFR
7235,POS
7236,SFR
7237,MUR
7238,MUR
7240,MUR
7245,MUR
7246,SFR
7247,SFR
7248,SFR
7249,SFR
7250,MFR
7251,MFR
7256,SFR
7257,SFR
7260,SFR
7261,SFR
7266,SFR
7267,SFR
7277,MUR
7281,MUR
7282,MUR
7286,SFR
7288,MUR
7289,MFR
7293,MFR
7294,SFR
7295,POS
7297,SFR
7298,SFR
7303,RUR
7306,SFR
7307,SFR
7309,SFR
7310,SFR
7311,IND
7313,IND
7314,IND
7315,IND
7316,IND
7317,SFR
7320,IND
7326,MUR
7327,SFR
7328,SFR
7329,MUR
7334,MFR
7339,MFR
7340,MFR
7341,MFR
7342,MUR
7346,SFR
7347,MUR
7350,MUR
7351,MUR
7359,SFR
7361,SFR
7362,POS
7363,MFR
7364,SFR
7365,POS
7366,SFR
7369,SFR
7370,SFR
7371,MUR
7372,SFR
7373,SFR
7374,SFR
7377,SFR
7378,SFR
7379,SFR
7380,MUR
7381,SFR
7382,MUR
7383,MUR
7385,MUR
7386,MUR
7388,SFR
7389,SFR
7390,SFR
7391,SFR
7392,MUR
7393,SFR
7394,SFR
7395,SFR
7396,SFR
7397,SFR
7398,SFR
7399,SFR
7400,SFR
7402,POS
7403,SFR
7404,MUR
7407,SFR
7408,SFR
7409,SFR
7410,SFR
7411,SFR
7412,SFR
7413,SFR
7414,SFR
7415,SFR
7417,SFR
7422,SFR
7423,SFR
7425,SFR
7426,SFR
7429,SFR
7430,SFR
7434,MUR
7435,SFR
7436,POS
7437,MUR
7438,MUR
7439,SFR
7440,SFR
7441,SFR
7442,SFR
7443,SFR
7444,MFR
7445,MUR
7446,MUR
7447,MFR
7448,MUR
7449,MFR
7450,MUR
7451,SFR
7452,SFR
7456,SFR
7457,SFR
7459,MUR
7460,MUR
7461,SFR
7463,MUR
7464,SFR
7465,MFR
7466,SFR
7467,MFR
7468,MFR
7469,MUR
7470,MFR
7471,MFR
7472,MUR
7473,MUR
7474,MUR
7475,SFR
7476,MUR
7477,MUR
7478,MFR
7479,MFR
7482,SFR
7483,SFR
7484,MUR
7485,MUR
7486,POS
7487,SFR
7488,MFR
7489,MFR
7490,MFR
7491,MUR
7492,SFR
7493,SFR
7494,SFR
7497,SFR
7498,SFR
7499,SFR
7500,SFR
7501,MUR
7504,MUR
7505,MUR
7506,SFR
7507,SFR
7508,SFR
7511,SFR
7512,SFR
7516,MUR
7517,SFR
7519,MUR
7520,MUR
7521,SFR
7522,SFR
7523,MUR
7524,MUR
7525,MUR
7526,MUR
7527,MUR
7528,MUR
7529,MFR
7530,SFR
7531,MUR
7532,POS
7533,SFR
7534,SFR
7535,MUR
7536,MFR
7537,MUR
7538,MUR
7540,SFR
7542,SFR
7543,SFR
7544,SFR
7546,POS
7548,POS
7549,SFR
7551,SFR
7552,SFR
7554,SFR
7555,SFR
7556,SFR
7559,MFR
7560,SFR
7561,SFR
7563,SFR
7564,SFR
7565,MUR
7571,MFR
7577,SFR
7578,SFR
7579,MUR
7586,MUR
7588,MUR
7594,MUR
7601,MUR
7602,MUR
7604,MUR
7605,MUR
7608,MUR
7609,SFR
7610,SFR
7612,MUR
7614,MUR
7616,MUR
7618,MUR
7620,SFR
7621,SFR
7625,MUR
7627,MUR
7631,MUR
7634,MUR
7636,MUR
7640,MUR
7642,MUR
7643,SFR
7644,MUR
7646,MUR
7651,MUR
7653,MUR
7654,MFR
7655,MUR
7656,MUR
7658,MUR
7659,MFR
7660,MUR
7665,MUR
7666,MUR
7667,SFR
7668,SFR
7669,MFR
7675,MFR
7676,MFR
7678,MUR
7679,MFR
7680,MFR
7682,MFR
7683,MUR
7684,MUR
7685,SFR
7687,SFR
7688,MUR
7690,SFR
7691,SFR
7692,MUR
7693,MUR
7695,SFR
7696,SFR
7698,SFR
7700,SFR
7702,MUR
7703,MUR
7704,MUR
7706,MUR
7708,SFR
7709,SFR
7711,SFR
7713,SFR
7714,MUR
7716,MUR
7718,MUR
7719,MFR
7721,MFR
7722,MUR
7723,SFR
7728,SFR
7729,SFR
7732,MUR
7733,MUR
7734,SFR
7735,SFR
7737,MUR
7738,MUR
7740,SFR
7741,SFR
7743,SFR
7744,SFR
7745,RUR
7747,MUR
7749,MUR
7750,SFR
7751,MUR
7756,MUR
7763,MUR
7765,MUR
7767,MUR
7770,MUR
7772,MUR
7773,MUR
7774,MUR
7777,MUR
7787,MUR
7789,MUR
7793,MFR
7794,MFR
7797,MUR
7800,MUR
7803,MUR
7807,MUR
7812,MUR
7813,MUR
7814,MUR
7815,MUR
7818,MUR
7819,MUR
7820,MUR
7821,MFR
7823,POS
7824,SFR
7827,IND
7828,MFR
7830,SFR
7831,SFR
7832,MUR
7833,MFR
7835,SFR
7837,MUR
7839,COM
7844,MUR
7846,MUR
7847,MUR
7848,MUR
7849,MUR
7853,SFR
7855,IND
7856,IND
7859,IND
7860,IND
7865,MUR
7866,MUR
7867,IND
7868,IND
7874,COM
7875,MUR
7876,SFR
7877,MUR
7878,MUR
7879,COM
7880,COM
7881,MFR
7882,MUR
7885,MUR
7891,MFR
7892,POS
7893,MUR
7894,MUR
7895,IND
7896,IND
7897,MFR
7898,SFR
7899,MFR
7900,SFR
7901,SFR
7904,SFR
7905,SFR
7906,SFR
7907,SFR
7910,SFR
7911,SFR
7912,SFR
7913,SFR
7914,SFR
7915,MUR
7916,MUR
7918,MUR
7920,MUR
7921,MUR
7923,COM
7927,SFR
7928,MUR
7929,MUR
7930,MUR
7931,MUR
7932,MUR
7933,MUR
7934,MFR
7935,MUR
7936,MUR
7937,MUR
7941,MUR
7942,MUR
7943,MUR
7945,IND
7946,MUR
7947,MUR
7948,MUR
7950,MUR
7953,IND
7954,POS
7955,MUR
7956,MFR
7957,MUR
7958,MUR
7960,MUR
7961,MUR
7962,MUR
7963,MUR
7964,MUR
7965,MUR
7966,MUR
7967,MUR
7970,IND
7972,POS
7973,MUR
7975,MUR
7978,MUR
7979,IND
7980,IND
7982,IND
7984,MUR
7986,MUR
7987,MUR
7988,MUR
7990,MUR
7991,MUR
7992,MUR
7993,IND
7994,IND
7995,MUR
7996,MUR
7999,MUR
8000,MUR
8001,IND
8002,SFR
8004,IND
8005,MUR
8006,MUR
8007,MUR
8008,MUR
8009,MUR
8010,MUR
8013,IND
8014,POS
8016,MUR
8017,MUR
8018,MUR
8023,MUR
8024,MUR
8025,MUR
8026,MFR
8027,MUR
8028,MUR
8029,MUR
8030,MUR
8031,MUR
8035,MUR
8036,MUR
8037,IND
8038,MUR
8039,MUR
8040,MUR
8041,MUR
8042,MUR
8043,IND
8045,MUR
8046,MUR
8047,MUR
8048,MUR
8049,MUR
8050,MUR
8052,MUR
8053,MUR
8055,MUR
8056,MUR
8057,MUR
8058,MUR
8059,MUR
8060,MUR
8061,MUR
8062,MUR
8063,SFR
8064,SFR
8065,IND
8066,IND
8067,MUR
8070,MUR
8071,MUR
8072,MUR
8073,MUR
8074,IND
8075,IND
8076,IND
8077,IND
8078,SFR
8079,MUR
8080,MUR
8082,MUR
8083,MUR
8084,MUR
8085,MFR
8086,MUR
8092,SFR
8093,SFR
8094,SFR
8097,SFR
8098,SFR
8100,SFR
8114,SFR
8115,SFR
8116,SFR
8118,SFR
8119,SFR
8124,SFR
8125,SFR
8126,SFR
8134,MUR
8141,MUR
8152,IND
8153,IND
8154,IND
8155,IND
8156,IND
8164,IND
8165,IND
8166,IND
8167,IND
8168,MUR
8169,MUR
8181,MUR
8194,MUR
8199,MUR
8207,MUR
8208,MUR
8209,MUR
8210,MUR
8211,MUR
8213,MUR
8223,MUR
8225,MUR
8227,SFR
8229,SFR
8230,MUR
8231,MUR
8232,MUR
8233,SFR
8234,IND
8237,MUR
8241,MFR
8242,IND
8243,SFR
8249,COM
8250,COM
8252,COM
8260,COM
8262,MUR
8265,MUR
8270,MUR
8271,MUR
8272,MUR
8273,MUR
8274,MFR
8276,MFR
8278,SFR
8279,COM
8281,MFR
8282,COM
8283,COM
8285,COM
8301,SFR
8303,IND
8304,IND
8306,MUR
8309,MUR
8310,SFR
8311,SFR
8312,SFR
8313,MUR
8315,MUR
8316,COM
8321,MUR
8326,MUR
8329,SFR
8387,SFR
8388,COM
8389,IND
8391,MUR
8402,MUR
8403,RUR
8404,SFR
8406,COM
8408,COM
8409,MFR
8414,IND
8416,SFR
8420,RUR
8421,RUR
8422,SFR
8430,MFR
8433,MUR
8437,RUR
8438,SFR
8439,RUR
8441,SFR
8442,RUR
8442,MUR
8443,MUR
8446,MUR
8447,MUR
8448,MUR
8450,POS
8452,MUR
8455,MUR
8457,MFR
8461,MUR
8464,SFR
8467,MFR
8471,SFR
8474,MFR
8475,IND
8481,MUR
8484,MUR
8491,MUR
8494,MUR
8495,MUR
8496,IND
8498,IND
8499,IND
8500,IND
8505,IND
8507,IND
8508,IND
8509,SFR
8511,MUR
8512,MUR
8513,MUR
8514,MFR
8537,MFR
8539,IND
8540,IND
8541,IND
8542,IND
8543,MUR
8545,SFR
8546,IND
8547,COM
8548,COM
8549,COM
8550,SFR
8551,SFR
8552,MUR
8553,SFR
8554,SFR
8555,SFR
8556,COM
8557,IND
8558,PF
8561,IND
8562,IND
8563,MFR
8564,MFR
8567,MFR
8569,MFR
8570,MFR
8571,MUR
8572,MUR
8580,MUR
8581,MUR
8582,IND
8584,IND
8585,IND
8587,IND
8589,MFR
8592,SFR
8595,COM
8597,SFR
8598,MUR
8599,MUR
8603,MUR
8604,MUR
8605,SFR
8606,SFR
8607,SFR
8608,MFR
8609,MUR
8610,MFR
8611,MFR
8612,MFR
8613,MUR
8614,MFR
8615,SFR
8616,COM
8617,SFR
8618,MUR
8619,MFR
8620,SFR
8621,MFR
8622,MFR
8625,MFR
8626,MFR
8627,MFR
8629,MFR
8630,MFR
8631,SFR
8632,SFR
8633,SFR
8634,MFR
8635,MUR
8636,SFR
8643,MUR
8644,COM
8646,IND
8647,SFR
8648,IND
8649,MUR
8650,MUR
8654,RUR
8659,MFR
8663,SFR
8665,MFR
8672,SFR
8673,MFR
8677,MFR
8685,RUR
8685,SFR
8714,MUR
8720,RUR
8721,RUR
8722,COM
8723,COM
8726,MFR
8727,MUR
8728,COM
8732,PF
8735,RUR
8736,RUR
8737,RUR
8740,IND
8742,MFR
8743,MFR
8744,IND
8745,IND
8746,MUR
8755,RUR
8758,MUR
8759,MUR
8760,MUR
8761,MUR
8762,MUR
8763,IND
8764,SFR
8770,MUR
8776,MFR
8779,COM
8788,SFR
8791,MUR
8792,COM
8794,RUR
8795,RUR
8798,SFR
8799,SFR
8800,MFR
8802,IND
8808,IND
8809,IND
8812,MFR
8814,MUR
8819,MUR
8821,SFR
8823,RUR
8824,RUR
8825,MFR
8828,MUR
8830,IND
8832,SFR
8835,MUR
8838,SFR
8840,PF
8843,MUR
8844,SFR
8845,PF
8850,IND
8851,IND
8852,MUR
8854,IND
8857,COM
8860,MUR
8875,IND
8877,IND
8878,IND
8879,IND
8880,SFR
8881,SFR
8883,IND
8884,COM
8886,MUR
8888,MUR
8889,IND
8891,SFR
8892,SFR
8894,MUR
8899,SFR
8900,SFR
8901,IND
8902,IND
8903,IND
8904,IND
8907,MUR
8911,MFR
8912,MUR
8913,MUR
8914,COM
8915,MUR
8917,COM
8918,MUR
8919,MUR
8920,MUR
8921,MFR
8922,COM
8923,SFR
8924,MUR
8925,IND
8926,IND
8927,MUR
8928,COM
8935,MUR
8936,MUR
8937,MUR
8940,MUR
8944,COM
8945,SFR
8946,SFR
8947,RUR
8948,RUR
8950,MUR
8951,COM
8954,MUR
8956,COM
8963,MUR
8981,MUR
8984,MUR
8986,MUR
8989,MUR
8991,SFR
8993,MFR
8995,SFR
8998,SFR
8999,SFR
9000,SFR
9001,SFR
9002,MFR
9004,MFR
9005,MFR
9007,MFR
9008,POS
9009,SFR
9010,COM
9012,COM
9013,SFR
9014,COM
9022,COM
9026,COM
9027,MUR
9029,IND
9030,MUR
9031,MUR
9033,MFR
9038,MUR
9042,MUR
9046,MUR
9047,MUR
9048,COM
9050,MUR
9051,IND
9052,MUR
9053,MUR
9054,IND
9055,IND
9056,IND
9059,SFR
9061,MUR
9065,MUR
9067,SFR
9068,SFR
9069,SFR
9070,SFR
9071,SFR
9072,IND
9073,MUR
9076,MUR
9077,MUR
9078,MUR
9079,SFR
9080,SFR
9082,SFR
9083,SFR
9084,SFR
9085,SFR
9086,POS
9092,SFR
9094,MFR
9095,IND
9101,SFR
9103,IND
9105,MUR
9106,IND
9108,IND
9110,IND
9112,IND
9122,MUR
9125,MFR
9126,SFR
9127,SFR
9129,SFR
9130,SFR
9131,SFR
9132,SFR
9133,SFR
9135,SFR
9136,SFR
9137,SFR
9139,SFR
9145,MUR
9146,MUR
9147,MFR
9148,SFR
9150,MFR
9151,SFR
9152,MFR
9153,SFR
9158,SFR
9169,MUR
9186,MUR
9187,MUR
9188,IND
9189,MUR
9190,POS
9197,IND
9199,IND
9200,POS
9202,IND
9203,IND
9204,IND
9206,IND
9207,COM
9209,MFR
9210,MFR
9211,COM
9212,MUR
9213,MFR
9214,SFR
9216,MUR
9217,MUR
9218,MUR
9219,MUR
9221,MUR
9224,MUR
9225,SFR
9226,SFR
9230,MFR
9232,MFR
9233,MFR
9234,SFR
9245,MUR
9252,MUR
9253,SFR
9257,MUR
9261,MUR
9263,MUR
9266,IND
9270,MUR
9276,SFR
9277,SFR
9284,SFR
9296,MUR
9297,MUR
9299,MUR
9300,MUR
9301,MUR
9302,MUR
9303,MUR
9305,POS
9307,SFR
9308,IND
9309,IND
9311,MUR
9312,RUR
9313,RUR
9320,MUR
9321,RUR
9322,RUR
9323,SFR
9324,SFR
9328,SFR
9334,IND
9338,SFR
9339,IND
9342,MUR
9351,POS
9352,SFR
9353,SFR
9354,POS
9362,MUR
9365,IND
9367,IND
9368,IND
9369,POS
9371,IND
9381,SFR
9383,SFR
9399,IND
9402,IND
9403,MUR
9404,MUR
9405,SFR
9406,SFR
9407,SFR
9412,IND
9414,IND
9425,MFR
9426,SFR
9427,MFR
9428,MFR
9430,MUR
9431,MFR
9432,MUR
9434,IND
9435,MUR
9436,IND
9438,IND
9439,IND
9440,IND
9441,IND
9442,POS
9444,IND
9449,SFR
9451,IND
9453,SFR
9454,MUR
9455,MUR
9457,IND
9458,IND
9459,IND
9460,IND
9462,IND
9463,IND
9464,IND
9465,MUR
9466,MUR
9467,COM
9469,IND
9470,COM
9471,IND
9472,IND
9473,SFR
9477,IND
9478,IND
9480,SFR
9481,MUR
9484,IND
9487,MFR
9488,MUR
9503,IND
9505,MUR
9509,IND
9511,MFR
9512,SFR
9516,MUR
9517,COM
9519,SFR
9520,RUR
9520,COM
9521,MUR
9525,SFR
9526,MUR
9531,MUR
9532,MUR
9537,IND
9544,SFR
9545,MUR
9548,MUR
9549,IND
9550,IND
9553,MUR
9559,PF
9561,RUR
9561,SFR
9562,SFR
9564,COM
9565,MUR
9570,MFR
9575,SFR
9576,SFR
9578,MUR
9579,MUR
9580,MFR
9581,MUR
9582,MUR
9583,IND
9597,COM
9598,MUR
9599,MUR
9601,IND
9602,IND
9603,IND
9604,IND
9606,IND
9607,SFR
9610,MUR
9611,MFR
9614,MUR
9615,IND
9619,IND
9621,MUR
9623,SFR
9625,MUR
9627,MUR
9628,MUR
9634,SFR
9635,SFR
9636,MUR
9639,MUR
9640,RUR
9641,RUR
9642,MUR
9644,MFR
9650,MUR
9652,MUR
9654,MUR
9663,SFR
9664,SFR
9665,MFR
9667,SFR
9668,SFR
9669,SFR
9670,SFR
9671,MFR
9672,SFR
9673,SFR
9674,SFR
9675,COM
9676,SFR
9677,SFR
9678,SFR
9679,SFR
9680,COM
9681,IND
9682,SFR
9683,SFR
9684,SFR
9685,IND
9686,IND
9687,MFR
9688,MFR
9689,MUR
9694,IND
9695,IND
9696,IND
9697,MUR
9698,MFR
9699,IND
9700,IND
9701,IND
9703,IND
9704,MFR
9705,MUR
9706,MUR
9707,MUR
9709,MUR
9715,IND
9717,IND
9718,MUR
9719,MUR
9722,MUR
9723,MUR
9724,IND
9726,IND
9755,MUR
9756,MUR
9760,MUR
9761,MUR
9762,SFR
9763,SFR
9764,MUR
9765,MUR
9766,MUR
9767,SFR
9772,MUR
9773,MFR
9775,IND
9776,IND
9781,SFR
9782,SFR
9785,MFR
9790,IND
9791,IND
9792,MUR
9793,MUR
9795,MUR
9808,MFR
9811,IND
9850,MUR
9851,MUR
9853,IND
9860,MUR
9861,POS
9862,IND
9869,MUR
9871,MUR
9873,MUR
9874,MUR
9875,MUR
9877,MUR
9878,MUR
9879,IND
9880,IND
9881,IND
9888,MUR
9889,MUR
9890,MUR
9892,MUR
9893,MUR
9894,IND
9896,IND
9920,IND
9921,SFR
9923,MUR
9931,MUR
9933,MUR
9935,SFR
9936,SFR
9937,SFR
9938,SFR
9939,SFR
9940,SFR
9941,SFR
9942,SFR
9943,SFR
9944,SFR
9945,SFR
9946,SFR
9947,SFR
9948,SFR
9949,IND
9950,IND
9951,IND
9952,SFR
9953,PF
9954,MUR
9955,MUR
9956,MUR
9957,MUR
9958,MUR
9959,SFR
9962,PF
9963,IND
9965,IND
9966,IND
9967,IND
9970,MUR
9971,MUR
9981,MUR
9985,MUR
9987,SFR
9988,SFR
9989,SFR
9990,SFR
9991,SFR
9992,SFR
9993,COM
9994,SFR
9995,SFR
9996,SFR
9997,MFR
9998,MUR
10000,MUR
10001,IND
10004,IND
10005,IND
10006,MUR
10008,SFR
10009,MFR
10010,MFR
10011,MFR
10013,IND
10014,IND
10015,MUR
10016,MUR
10021,MUR
10022,MUR
10023,MUR
10024,MUR
10025,IND
10026,COM
10028,IND
10029,IND
10030,MUR
10031,MUR
10032,MUR
10033,MUR
10037,SFR
10041,MFR
10042,MUR
10043,MUR
10044,SFR
10045,SFR
10046,COM
10047,SFR
10049,SFR
10050,SFR
10051,SFR
10052,MUR
10053,MUR
10054,MFR
10056,MFR
10061,IND
10063,IND
10071,IND
10072,IND
10073,IND
10074,IND
10084,MUR
10085,SFR
10086,SFR
10087,COM
10088,POS
10089,SFR
10090,SFR
10091,SFR
10092,COM
10095,POS
10108,SFR
10109,SFR
10110,MUR
10111,MUR
10112,COM
10113,SFR
10114,COM
10115,MUR
10125,MUR
10129,COM
10132,FUD
10133,PF
10135,SFR
10136,SFR
10137,COM
10138,SFR
10139,COM
10140,PF
10141,SFR
10142,COM
10143,SFR
10146,COM
10148,SFR
10149,SFR
10150,COM
10152,IND
10153,SFR
10154,SFR
10155,MUR
10157,IND
10162,IND
10163,IND
10166,MUR
10168,MFR
10169,SFR
10170,RUR
10171,MUR
10177,MUR
10180,MUR
10184,MUR
10185,RUR
10186,RUR
10189,POS
10190,COM
10192,SFR
10193,PF
10194,IND
10196,MUR
10197,COM
10198,IND
10203,SFR
10204,SFR
10205,SFR
10206,SFR
10208,SFR
10209,SFR
10210,SFR
10211,SFR
10214,COM
10216,IND
10219,COM
10221,SFR
10222,SFR
10223,SFR
10224,IND
10225,SFR
10226,MFR
10227,MFR
10228,SFR
10229,SFR
10230,SFR
10231,MFR
10232,SFR
10234,MFR
10235,MUR
10273,SFR
10274,MFR
10275,RUR
10277,SFR
10278,COM
10279,SFR
10280,IND
10287,MUR
10288,IND
10289,IND
10290,MUR
10291,IND
10297,POS
10299,POS
10302,MUR
10303,SFR
10305,SFR
10307,POS
10308,IND
10309,MUR
10310,SFR
10313,COM
10314,MFR
10315,IND
10318,MUR
10319,IND
10323,MUR
10324,COM
10325,COM
10326,MUR
10327,COM
10328,COM
10421,COM
10422,IND
10425,MUR
10436,SFR
10437,SFR
10443,SFR
10445,SFR
10446,MUR
10447,MUR
10448,MUR
10449,SFR
10452,POS
10453,IND
10454,SFR
10455,IND
10457,COM
10458,SFR
10463,MFR
10464,MUR
10466,MUR
10469,COM
10472,MUR
10477,IND
10481,MUR
10482,SFR
10484,MUR
10489,IND
10490,IND
10491,MUR
10494,MUR
10499,IND
10500,RUR
10501,RUR
10505,SFR
10523,SFR
10548,MFR
10569,IND
10580,MUR
10590,IND
10591,IND
10592,MUR
10593,MUR
10594,MUR
10596,MUR
10597,MUR
10598,MUR
10599,MUR
10600,MUR
10601,MUR
10611,SFR
10612,MUR
10613,MFR
10614,SFR
10630,COM
10631,SFR
10632,COM
10633,SFR
10634,RUR
10641,COM
10644,IND
10645,IND
10646,MUR
10647,RUR
10649,MFR
10650,SFR
10653,IND
10654,MUR
10657,MUR
10695,RUR
10696,RUR
10697,POS
10698,SFR
10699,MUR
10700,IND
10712,MUR
10713,MUR
10715,MUR
10716,IND
10717,IND
10718,IND
10719,IND
10720,IND
10721,MUR
10723,IND
10724,IND
10725,IND
10726,IND
10727,IND
10728,IND
10729,IND
10731,IND
10732,IND
10733,IND
10734,MUR
10746,MUR
10747,MUR
10749,MFR
10758,MUR
10761,MFR
10779,MUR
10782,MUR
10784,MUR
10785,MUR
10786,MUR
10787,MFR
10788,MUR
10789,SFR
10790,IND
10791,MUR
10792,MUR
10793,MUR
10795,MUR
10801,SFR
10808,MUR
10809,MUR
10820,SFR
10821,MUR
10822,IND
10823,IND
10824,IND
10825,IND
10826,IND
10827,IND
10828,MUR
10830,MUR
10834,MUR
10835,RUR
10836,RUR
10838,MUR
10840,SFR
10842,MUR
10844,MUR
10845,MUR
10846,MUR
10848,POS
10850,MUR
10853,MUR
10856,MUR
10857,MUR
10858,MUR
10859,MUR
10864,MUR
10865,MUR
10866,MUR
10867,MUR
10873,MUR
10874,MUR
10876,MUR
10877,MUR
10878,MFR
10879,SFR
10910,MUR
10913,SFR
10933,MUR
10935,MUR
10939,IND
10940,IND
10941,IND
10952,MUR
10953,MUR
10957,MUR
10975,SFR
10986,MUR
10994,IND
10995,IND
11001,POS
11002,MUR
11003,COM
11005,MUR
11006,IND
11007,MFR
11009,IND
11010,POS
11012,MFR
11014,IND
11015,IND
11016,RUR
11024,SFR
11026,MFR
11027,COM
11029,SFR
11030,COM
11031,MUR
11032,MUR
11071,MFR
11072,IND
11073,SFR
11111,MUR
11151,POS
11171,IND
11211,MUR
11231,MUR
11251,MUR
11271,MUR
11313,MUR
11331,MUR
11411,MFR
11453,MUR
11454,MUR
11471,MUR
11472,MUR
11473,MUR
11475,IND
11478,MUR
11479,POS
11480,MUR
11481,MUR
11482,MUR
11483,MUR
11484,MUR
11486,MUR
11490,SFR
11492,MUR
11496,SFR
11520,MUR
11521,MFR
11722,MUR
11742,MFR
11762,MUR
11763,MUR
11764,MUR
11765,SFR
11770,SFR
11771,SFR
11772,IND
11773,MUR
11775,MUR
11776,MUR
11777,MUR
11778,IND
11779,MUR
11780,MUR
11781,IND
11782,SFR
11783,MUR
11784,MUR
11786,SFR
11789,POS
11804,SFR
11810,MUR
11813,MUR
11814,MUR
11815,IND
11816,IND
11817,MUR
11824,MFR
11825,SFR
11826,SFR
11827,IND
11828,IND
11829,IND
11830,IND
11831,MUR
11832,IND
11833,IND
11834,SFR
11835,SFR
11836,SFR
11837,MUR
11838,POS
11839,IND
11840,IND
11844,IND
11845,MUR
11849,IND
11850,IND
11851,MUR
11852,IND
11920,SFR
11921,SFR
11922,SFR
11923,MUR
11924,MUR
11925,MUR
11926,IND
11927,MUR
11928,SFR
11929,SFR
11930,MUR
11931,MFR
11932,MUR
11933,MUR
11934,MUR
11935,MUR
11936,MFR
11939,MUR
11944,COM
11945,MUR
11947,IND
11948,IND
11949,IND
11950,IND
11952,SFR
11953,SFR
11956,MUR
11958,SFR
11959,SFR
11960,SFR
11961,SFR
11962,MUR
11963,MFR
11964,SFR
11965,SFR
11966,SFR
11967,SFR
11968,MUR
11970,MFR
11973,SFR
12374,MUR
12383,IND
12387,MUR
12397,MUR
12398,MUR
12402,COM
12403,MUR
12404,MUR
12405,IND
12406,COM
12451,COM
12462,MUR
12463,MUR
12465,IND
12466,SFR
12467,SFR
12468,SFR
12707,MUR
12725,MFR
12726,MFR
12727,MFR
12729,MUR
12730,SFR
12743,MUR
12750,MUR
12754,IND
12755,MUR
12757,MUR
12760,MUR
12761,SFR
12762,MUR
12763,MUR
12789,MUR
12790,MUR
12791,MUR
12792,MUR
12793,MUR
12794,MUR
12795,MUR
12798,MUR
12838,MUR
12842,MUR
12849,SFR
12851,COM
12852,COM
12862,MUR
12863,SFR
12864,SFR
12866,SFR
12867,MUR
12868,SFR
12875,IND
12880,MUR
12884,IND
12892,MUR
12899,IND
12900,SFR
12901,POS
12902,MUR
12903,MUR
12912,MFR
12914,SFR
12918,POS
12921,MUR
12922,MUR
12923,MUR
12924,RUR
12925,SFR
12932,MUR
12933,MUR
12934,IND
12936,RUR
12937,RUR
12943,SFR
12944,MUR
12945,MUR
12949,MUR
12950,MUR
12952,MFR
12953,MUR
12954,MUR
12955,MUR
12956,MFR
12957,MUR
12958,MUR
12959,COM
12960,IND
12961,SFR
12962,MUR
12963,SFR
12964,SFR
12965,IND
12992,SFR
12993,SFR
13018,MUR
13024,SFR
13025,IND
13026,SFR
13027,MUR
13031,MUR
13032,MFR
13033,MUR
13034,SFR
13035,SFR
13036,SFR
13037,MFR
13040,IND
13042,MUR
13043,MUR
13076,SFR
13077,MUR
13078,COM
13079,COM
13080,COM
13081,COM
13082,COM
13083,COM
13084,COM
13085,COM
13086,IND
13087,MFR
13088,IND
13089,MUR
13090,IND
13092,IND
13113,RUR
13115,IND
13116,SFR
13117,MFR
13118,MFR
13122,SFR
13123,MUR
13141,SFR
13142,MFR
13143,SFR
13145,POS
13146,MUR
13147,SFR
13148,SFR
13149,SFR
13150,IND
13153,COM
13155,MFR
13156,FUD
13161,SFR
13162,SFR
13163,IND
13164,IND
13167,MUR
13168,MUR
13169,MUR
13170,MUR
13171,MUR
13176,MUR
13180,MUR
13183,MUR
13184,MUR
13185,MUR
13186,SFR
13187,MUR
13193,MFR
13194,MFR
13195,COM
13196,MUR
13197,MUR
13198,SFR
13199,SFR
13200,IND
13201,IND
13202,MUR
13205,MFR
13207,IND
13208,IND
13210,MUR
13211,MUR
13212,MUR
13214,RUR
13215,SFR
13218,POS
13219,MUR
13236,MUR
13237,IND
13238,IND
13239,IND
13240,IND
13241,IND
13242,IND
13244,SFR
13245,SFR
13247,MUR
13248,MUR
13249,POS
13252,IND
13255,MUR
13293,IND
13294,IND
13297,MUR
13298,MFR
13305,MUR
13309,MUR
13314,POS
13315,MUR
13325,MUR
13327,MUR
13328,MUR
13329,IND
13330,MUR
13331,IND
13332,MUR
13346,MUR
13347,SFR
13458,COM
13459,IND
13465,MUR
13468,MFR
13469,SFR
13470,SFR
13472,IND
13473,MUR
13474,MUR
13475,SFR
13476,MFR
13477,MUR
13478,IND
13479,MFR
13480,MFR
13481,IND
13482,MUR
13493,COM
13495,RUR
13496,RUR
13497,SFR
13498,IND
13499,SFR
13500,SFR
13501,SFR
13502,SFR
13504,IND
13505,SFR
13520,IND
13523,MFR
13526,IND
13527,IND
13528,SFR
13529,MUR
13530,MUR
13532,SFR
13546,SFR
13547,MUR
13548,SFR
13551,SFR
13552,SFR
13553,SFR
13554,MFR
13558,SFR
13559,SFR
13560,SFR
13561,SFR
13569,SFR
13570,IND
13571,SFR
13572,SFR
13573,SFR
13576,SFR
13577,MUR
13578,MUR
13579,MUR
13581,SFR
13582,MUR
13583,IND
13584,MUR
13586,MUR
13587,SFR
13588,MUR
13589,MUR
13590,MUR
13591,MUR
13592,COM
13594,MUR
13596,MUR
13597,MUR
13598,MUR
13601,MUR
13603,SFR
13613,MUR
13629,MUR
13630,IND
13631,RUR
13632,RUR
13635,IND
13637,IND
13639,MUR
13640,MUR
13643,IND
13645,COM
13647,MUR
13648,IND
13649,SFR
13650,RUR
13651,MUR
13654,RUR
13655,RUR
13657,RUR
13662,SFR
13663,SFR
13666,SFR
13667,SFR
13668,SFR
13669,MUR
13670,MUR
13671,SFR
13672,SFR
13674,SFR
13675,SFR
13676,SFR
13678,MFR
13679,POS
13680,SFR
13681,IND
13682,PF
13683,SFR
13689,POS
13691,COM
13693,IND
13700,PF
13703,SFR
13704,IND
13705,SFR
13706,MUR
13707,MUR
13732,MUR
13733,MUR
13735,SFR
13736,MUR
13737,MUR
13743,MUR
13744,SFR
13748,MUR
13756,MFR
13757,MFR
13766,IND
13767,MUR
13768,SFR
13769,SFR
13770,IND
13771,IND
13772,MUR
13773,MUR
13775,MUR
13776,MUR
13777,MUR
13778,IND
13780,MUR
13781,POS
13782,POS
13783,COM
13784,COM
13787,IND
13788,IND
13789,IND
13790,IND
13791,IND
13792,MUR
13794,SFR
13801,SFR
13805,IND
13806,IND
13807,MUR
13809,COM
13816,POS
13817,POS
13818,SFR
13825,IND
13827,COM
13828,IND
13829,IND
13830,IND
13831,IND
13833,IND
13834,IND
13835,IND
13836,IND
13837,IND
13838,IND
13839,IND
13841,IND
13842,IND
13843,IND
13844,IND
13845,IND
13846,IND
13847,COM
13858,IND
13867,SFR
13870,MUR
13871,MFR
13872,MUR
13873,MFR
13874,MFR
13876,MUR
13877,MUR
13881,SFR
13883,IND
13884,MUR
13885,SFR
13887,MUR
13888,MUR
13889,MUR
13890,MUR
13891,SFR
13892,MFR
13899,MUR
13900,SFR
13904,SFR
13905,IND
13906,POS
13907,POS
13908,IND
13909,IND
13910,IND
13913,MUR
13914,MFR
13916,COM
13917,MFR
13924,SFR
13925,SFR
13930,MUR
13931,SFR
13932,MUR
13937,IND
13938,SFR
13939,IND
13940,IND
13941,IND
13942,IND
13943,MFR
13944,SFR
13945,SFR
13946,MUR
13947,SFR
13948,MUR
13949,MUR
13950,MUR
13951,MFR
13953,SFR
13954,SFR
13955,MUR
13956,SFR
13957,SFR
13958,MUR
13959,SFR
13960,MUR
13961,SFR
13962,MFR
13963,SFR
13964,MUR
13965,MUR
13966,MUR
13967,MFR
13968,MUR
13969,SFR
13970,SFR
13971,SFR
13972,IND
13973,MFR
13974,MUR
13975,MUR
13976,MUR
13977,MUR
13978,MFR
13979,IND
13980,MUR
13981,MUR
13982,MUR
13983,MUR
13984,SFR
13985,IND
13986,MUR
13988,SFR
13989,MUR
13990,SFR
13991,MFR
13993,MUR
14000,SFR
14002,MUR
14003,SFR
14009,MFR
14018,IND
14028,MUR
14029,RUR
14029,SFR
14030,RUR
14030,MUR
14031,COM
14032,MUR
14033,MUR
14034,MUR
14035,MFR
14037,MFR
14038,MUR
14039,IND
14040,IND
14041,SFR
14042,SFR
14043,COM
14044,SFR
14045,SFR
14046,IND
14047,IND
14048,MUR
14049,IND
14055,RUR
14056,MUR
14071,MUR
14075,SFR
14086,MUR
14087,PF
14095,IND
14099,IND
14108,COM
14108,COM
14112,MUR
14121,MFR
14122,MFR
14123,MUR
14126,IND
14127,IND
14133,MUR
14136,MUR
14139,SFR
14140,SFR
14144,MUR
14145,MUR
14158,SFR
14165,MFR
14166,MUR
14167,SFR
14168,SFR
14169,SFR
14170,SFR
14177,SFR
14178,SFR
14179,SFR
14180,MUR
14181,SFR
14182,MFR
14183,SFR
14184,SFR
14189,MUR
14190,MUR
14191,MUR
14192,MUR
14194,IND
14196,MUR
14197,MUR
14201,MUR
14203,MUR
14205,MUR
14206,MUR
14207,IND
14208,IND
14211,MFR
14212,MUR
14215,MUR
14216,MUR
14218,SFR
14219,MUR
14222,MUR
14225,MFR
14226,MFR
14227,MUR
14228,MUR
14229,MUR
14230,MUR
14232,MUR
14233,MUR
14234,MUR
14235,MUR
14236,SFR
14237,MFR
14238,MFR
14239,MUR
14240,MFR
14241,MUR
14242,MFR
14243,MUR
14244,IND
14245,MUR
14247,MUR
14248,SFR
14365,MUR
14366,SFR
14369,MUR
14370,MUR
14379,SFR
14380,SFR
14381,SFR
14382,SFR
14383,SFR
14384,SFR
14385,SFR
14386,SFR
14387,SFR
14388,POS
14389,SFR
14390,SFR
14391,SFR
14392,SFR
14393,SFR
14394,SFR
14395,SFR
14396,SFR
14398,POS
14399,SFR
14400,MUR
14401,MUR
14402,MUR
14403,MUR
14404,SFR
14406,POS
14407,MUR
14408,MUR
14411,MUR
14412,MUR
14413,COM
14414,MFR
14415,MFR
14416,SFR
14417,SFR
14418,SFR
14419,SFR
14420,PF
14421,IND
14424,SFR
14425,SFR
7591,MFR
8212,MUR
304,MUR
3049,MUR
14011,MFR
14012,MUR
14013,MUR
14014,MFR
14466,MUR
14467,MUR
14468,MUR
9060,MUR
14077,MUR
14078,MUR
14079,MUR
14081,MUR
14150,MUR
14151,MUR
14477,MUR
14478,IND
14479,SFR
14480,SFR
14482,MUR
2080,MUR
2084,MFR
2975,COM
2976,MFR
2978,MUR
2985,MUR
2994,MUR
3811,MFR
3812,MFR
3813,SFR
3814,SFR
3873,SFR
5307,MUR
9279,SFR
9418,IND
9727,IND
9796,MUR
9797,MFR
10519,SFR
10522,FUD
10526,FUD
10528,MUR
10530,SFR
13104,MUR
13535,MUR
13568,MUR
14021,MUR
14022,MFR
14023,MUR
14148,MFR
14149,MUR
14152,MUR
14153,MUR
14154,MUR
14484,MUR
14485,MUR
14486,MUR
14487,MUR
14488,SFR
14489,SFR
14490,SFR
14491,SFR
14492,SFR
14493,SFR
14494,MUR
14495,SFR
14496,SFR
14497,SFR
14498,SFR
14499,SFR
14500,MFR
14501,MFR
14502,MUR
14503,SFR
14504,SFR
14505,SFR
14506,SFR
14507,SFR
14508,MUR
14509,MUR
14510,MUR
14511,MUR
14512,MUR
14513,MUR
14514,SFR
14515,SFR
14516,SFR
14517,IND
14518,MUR
14519,RUR
14520,RUR
14521,MUR
14522,RUR
14523,MFR
14524,SFR
14525,SFR
14526,SFR
14527,RUR
14528,RUR
14529,MUR
14530,RUR
14531,RUR
14532,SFR
14533,COM
14534,COM
14535,SFR
14536,POS
14537,SFR
14538,SFR
14539,MUR
14540,COM
14541,SFR
14542,IND
14543,IND
14544,POS
14545,MUR
14546,MUR
14547,MUR
14548,MUR
14549,MUR
14550,MUR
14551,MUR
14552,PF
14553,MFR
14554,MUR
14555,PF
14556,IND
14557,MUR
14558,MUR
14559,IND
14560,MUR
14561,MUR
14562,MUR
14563,MFR
14564,PF
14565,SFR
14566,MFR
14567,SFR
14568,SFR
1259,COM
14574,SFR
14575,IND
14576,MUR
